"Campaign name","Ad name",Gender,Age,Reach,Impressions,Views,"Amount spent (THB)","Post engagements","Reporting starts","Reporting ends"
"2104 | MOD | zootopia  | Video Content","VDO - ใครเป็นแฟน DISNEY ZOOTOPIA",female,35-44,22135,35300,,2122.30710938,27308,2026-09-01,2026-09-29
"2104 | MOD | zootopia  | Awareness","AW - ชวนมา สนุกยกเมือง สะสมครบทีม",female,35-44,112061,147741,,1771.73102098,245,2026-09-01,2026-09-29
"2104 | MOD | zootopia  | Awareness","AW - ชวนมา สนุกยกเมือง สะสมครบทีม",female,25-34,105466,135349,,1646.90376725,309,2026-09-01,2026-09-29
"2104 | Marcom | Awareness | Gold Card 250 thb : Lookalike & Retarget","Awareness | Gold Card 250 thb retarget",female,35-44,132951,176199,,1632.06471741,154,2026-09-01,2026-09-29
"2104 | MOD | zootopia  | Video Content","VDO - ใครเป็นแฟน DISNEY ZOOTOPIA",female,25-34,15279,24424,,1430.48131144,18805,2026-09-01,2026-09-29
"2104 | Marcom | Awareness | Gold Card 250 thb : Lookalike & Retarget","Awareness - Gold Card 250 thb retarget - 15-21 sep",male,25-34,134305,169799,,1419.21032764,68,2026-09-01,2026-09-29
"2104 | Marcom | Awareness | Gold Card 250 thb : Lookalike & Retarget","Awareness | Gold Card 250 thb retarget",male,45-54,138172,176914,,1396.48414063,88,2026-09-01,2026-09-29
"2104 | Marcom | Awareness | Gold Card 250 thb : Lookalike & Retarget","Awareness | Gold Card 250 thb retarget",male,35-44,120486,157706,,1228.86084557,74,2026-09-01,2026-09-29
"2104 | MOD | zootopia  | Awareness","AW - ชวนมา สนุกยกเมือง สะสมครบทีม",female,35-44,96181,114294,,1223.44595445,212,2026-09-01,2026-09-29
"2104 | Marcom | Awareness | Gold Card 250 thb : Lookalike & Retarget","Awareness | Gold Card 250 thb retarget",female,45-54,112251,147648,,1191.32234711,102,2026-09-01,2026-09-29
"2104 | Marcom | Awareness | Gold Card 250 thb : Lookalike & Retarget","Awareness - Gold Card 250 thb retarget - 15-21 sep",female,35-44,98072,124311,,1168.07911723,118,2026-09-01,2026-09-29
"2104 | Marcom | Awareness | Gold Card 250 thb : Lookalike & Retarget","Awareness | Gold Card 250 thb retarget",male,25-34,119512,145982,,1145.66417343,57,2026-09-01,2026-09-29
"2104 | MOD | zootopia  | Video Content","VDO - ใครเป็นแฟน DISNEY ZOOTOPIA",female,35-44,12637,18997,,1060.88322986,14105,2026-09-01,2026-09-29
"2104 | Marcom | Awareness | Gold Card 250 thb : Lookalike & Retarget","Awareness | Gold Card 250 thb retarget",male,55-64,103808,134954,,1039.93840246,74,2026-09-01,2026-09-29
"2104 | MOD | zootopia  | Awareness","AW - ชวนมา สนุกยกเมือง สะสมครบทีม",male,25-34,101462,109013,,1020.17917877,133,2026-09-01,2026-09-29
"2104 | Marcom | Awareness | Gold Card 250 thb : Lookalike & Retarget","Awareness - Gold Card 250 thb retarget - 15-21 sep",male,35-44,96724,116431,,946.84686036,42,2026-09-01,2026-09-29
"2104 | Marcom | Awareness | Gold Card 250 thb : Lookalike & Retarget","Awareness | Gold Card 250 thb retarget",female,55-64,86548,114374,,877.6548938,77,2026-09-01,2026-09-29
"2104 | Marcom | Awareness | Gold Card 250 thb : Lookalike & Retarget","Awareness - Gold Card 250 thb retarget - 15-21 sep",male,45-54,90063,110893,,872.04947827,47,2026-09-01,2026-09-29
"2104 | MOD | zootopia  | Video Content","VDO - ใครเป็นแฟน DISNEY ZOOTOPIA",male,25-34,13060,15346,,846.5119682,11760,2026-09-01,2026-09-29
"2104 | MOD | zootopia  | Awareness","AW - ชวนมา สนุกยกเมือง สะสมครบทีม",male,25-34,82829,89508,,828.95015678,121,2026-09-01,2026-09-29
"2104 | Marcom | Awareness | Gold Card 250 thb : Lookalike & Retarget","Awareness - Gold Card 250 thb retarget - 15-21 sep",female,25-34,76617,88550,,803.92186273,49,2026-09-01,2026-09-29
"2104 | Marcom | Awareness | Gold Card 250 thb : Interest","Awareness | Gold Card 250 thb",male,45-54,96242,115168,,787.93902717,64,2026-09-01,2026-09-29
"2104 | MOD | zootopia  | Awareness","AW - ชวนมา สนุกยกเมือง สะสมครบทีม",male,35-44,75451,80722,,750.57996646,104,2026-09-01,2026-09-29
"2104 | Marcom | Awareness | Gold Card 250 thb : Lookalike & Retarget","Awareness - Gold Card 250 thb retarget - 15-21 sep",female,45-54,75324,92114,,749.96375127,86,2026-09-01,2026-09-29
"2104 | Marcom | Awareness | Gold Card 250 thb : Interest","Awareness | Gold Card 250 thb",male,35-44,92073,110422,,749.33103479,63,2026-09-01,2026-09-29
"2104 | MOD | zootopia  | Video Content","VDO - ใครเป็นแฟน DISNEY ZOOTOPIA",female,45-54,7698,12702,,749.31544876,9783,2026-09-01,2026-09-29
"2104 | Marcom | Awareness | Gold Card 250 thb : Interest","Awareness | Gold Card 250 thb",male,25-34,97259,112893,,740.6614856,44,2026-09-01,2026-09-29
"2104 | MOD | zootopia  | Awareness","AW - ชวนมา สนุกยกเมือง สะสมครบทีม",female,25-34,68928,75066,,728.56377081,163,2026-09-01,2026-09-29
"2104 | Marcom | Awareness | Gold Card 250 thb : Lookalike & Retarget","Awareness - Gold Card 250 thb retarget - 15-21 sep",male,55-64,70949,92625,,717.07490238,49,2026-09-01,2026-09-29
"2104 | MOD | zootopia  | Awareness","AW - ชวนมา สนุกยกเมือง สะสมครบทีม",male,35-44,67477,71798,,667.23597869,86,2026-09-01,2026-09-29
"2104 | MOD | zootopia  | Video Content","VDO - ใครเป็นแฟน DISNEY ZOOTOPIA",male,25-34,10176,11997,,660.65069345,9115,2026-09-01,2026-09-29
"2104 | MOD | zootopia  | Video Content","VDO - ใครเป็นแฟน DISNEY ZOOTOPIA",female,25-34,10899,13550,,628.5096867,9416,2026-09-01,2026-09-29
"2104 | MOD | zootopia  | Awareness","AW - ชวนมา สนุกยกเมือง สะสมครบทีม",female,25-34,62160,66716,,624.93499399,125,2026-09-01,2026-09-29
"2104 | Marcom | Awareness | Gold Card 250 thb : Lookalike & Retarget","Awareness - Gold Card 250 thb retarget - 15-21 sep",female,55-64,69109,80303,,621.78823741,48,2026-09-01,2026-09-29
"2104 | Marcom | Awareness | Gold Card 250 thb : Interest","Awareness - Gold Card 250 thb -15-21 Sep",male,55-64,61667,77256,,588.92349844,34,2026-09-01,2026-09-29
"2104 | Marcom | Awareness | Gold Card 250 thb : Interest","Awareness | Gold Card 250 thb",male,55-64,73070,87704,,573.11019827,48,2026-09-01,2026-09-29
"2104 | Marcom | Awareness | Gold Card 250 thb : Interest","Awareness - Gold Card 250 thb -15-21 Sep",male,45-54,62870,74232,,559.67481463,36,2026-09-01,2026-09-29
"2104 | MOD | zootopia  | Video Content","VDO - ใครเป็นแฟน DISNEY ZOOTOPIA",male,35-44,8681,10027,,554.49818847,7674,2026-09-01,2026-09-29
"2104 | Marcom | Awareness | Gold Card 250 thb : Lookalike & Retarget","Awareness | Gold Card 250 thb retarget",female,25-34,54080,67802,,532.39870405,51,2026-09-01,2026-09-29
"2104 | Marcom | Awareness | Gold Card 250 thb : Interest","Awareness - Gold Card 250 thb -15-21 Sep",female,55-64,58762,69286,,521.95651196,50,2026-09-01,2026-09-29
"2104 | MOD | zootopia  | Video Content","VDO - ใครเป็นแฟน DISNEY ZOOTOPIA",female,45-54,7624,10407,,519.17626207,7659,2026-09-01,2026-09-29
"2104 | MOD | zootopia  | Awareness","AW - ชวนมา สนุกยกเมือง สะสมครบทีม",female,45-54,47350,52242,,505.5218006,88,2026-09-01,2026-09-29
"2104 | Marcom | Awareness | Gold Card 250 thb : Lookalike & Retarget","Awareness | Gold Card 250 thb retarget",male,65+,50108,65706,,503.13987441,33,2026-09-01,2026-09-29
"2104 | MOD | zootopia  | Awareness","AW - ชวนมา สนุกยกเมือง สะสมครบทีม",female,45-54,32060,40131,,481.56940522,53,2026-09-01,2026-09-29
"2104 | Marcom | Awareness | Gold Card 250 thb : Interest","Awareness | Gold Card 250 thb",female,45-54,66687,76629,,479.89504546,54,2026-09-01,2026-09-29
"2104 | MOD | zootopia  | Awareness","AW - ชวนมา สนุกยกเมือง สะสมครบทีม",male,45-54,48115,51704,,479.83080015,51,2026-09-01,2026-09-29
"2104 | MOD | zootopia  | Video Content","VDO - ใครเป็นแฟน DISNEY ZOOTOPIA",female,25-34,10429,11540,,470.59997561,7489,2026-09-01,2026-09-29
"2104 | MOD | zootopia  | Video Content","VDO - ใครเป็นแฟน DISNEY ZOOTOPIA",male,35-44,6953,8380,,460.67442962,6438,2026-09-01,2026-09-29
"2104 | MOD | zootopia  | Awareness","AW - ชวนมา สนุกยกเมือง สะสมครบทีม",male,35-44,28898,34930,,458.29991716,61,2026-09-01,2026-09-29
"2104 | Marcom | Awareness | Gold Card 250 thb : Interest","Awareness | Gold Card 250 thb",female,55-64,64026,76465,,448.51667713,44,2026-09-01,2026-09-29
"2104 | MOD | zootopia  | Awareness","AW - ชวนมา สนุกยกเมือง สะสมครบทีม",female,35-44,43600,48071,,443.022273,69,2026-09-01,2026-09-29
"2104 | Marcom | Awareness | Gold Card 250 thb : Interest","Awareness - Gold Card 250 thb -15-21 Sep",male,25-34,46941,58463,,439.58021889,18,2026-09-01,2026-09-29
"2104 | MOD | zootopia  | Awareness","AW - ชวนมา สนุกยกเมือง สะสมครบทีม",male,25-34,25698,31246,,436.71039214,66,2026-09-01,2026-09-29
"2104 | MOD | zootopia  | Video Content","VDO - ใครเป็นแฟน DISNEY ZOOTOPIA",female,65+,5971,7670,,434.40360675,6269,2026-09-01,2026-09-29
"2104 | Marcom | Awareness | Gold Card 250 thb : Interest","Awareness - Gold Card 250 thb -15-21 Sep",male,35-44,51194,60981,,434.31045603,37,2026-09-01,2026-09-29
"2104 | Marcom | Awareness | Gold Card 250 thb : Lookalike & Retarget","Awareness | Gold Card 250 thb retarget",female,65+,45301,56239,,429.44282229,37,2026-09-01,2026-09-29
"2104 | MOD | zootopia  | Video Content","VDO - ใครเป็นแฟน DISNEY ZOOTOPIA",female,55-64,6210,7998,,428.58342444,6340,2026-09-01,2026-09-29
"2104 | Marcom | Awareness | Gold Card 250 thb : Interest","Awareness - Gold Card 250 thb -15-21 Sep",female,45-54,47772,58112,,427.50076247,69,2026-09-01,2026-09-29
"2104 | MOD | zootopia  | Awareness","AW - ชวนมา สนุกยกเมือง สะสมครบทีม",female,45-54,41503,43342,,400.99395472,57,2026-09-01,2026-09-29
"2104 | MOD | zootopia  | Awareness","AW - ชวนมา สนุกยกเมือง สะสมครบทีม",male,45-54,40704,43479,,394.97578039,49,2026-09-01,2026-09-29
"2104 | Marcom | Awareness | Gold Card 250 thb : Lookalike & Retarget","Awareness - Gold Card 250 thb retarget - 15-21 sep",male,65+,38845,47369,,365.1972181,26,2026-09-01,2026-09-29
"2104 | MOD | zootopia  | Video Content","VDO - ใครเป็นแฟน DISNEY ZOOTOPIA",male,45-54,5759,6366,,349.56255386,4927,2026-09-01,2026-09-29
"2104 | Marcom | Awareness | Gold Card 250 thb : Interest","Awareness | Gold Card 250 thb",female,35-44,43075,50490,,326.29303276,41,2026-09-01,2026-09-29
"2104 | Marcom | Awareness | Gold Card 250 thb : Interest","Awareness | Gold Card 250 thb",male,65+,43194,52975,,320.56333071,51,2026-09-01,2026-09-29
"2104 | Marcom | Awareness | Gold Card 250 thb : Lookalike & Retarget","Awareness - Gold Card 250 thb retarget - 15-21 sep",female,65+,33655,40867,,316.76891309,36,2026-09-01,2026-09-29
"2104 | MOD | zootopia  | Video Content","VDO - ใครเป็นแฟน DISNEY ZOOTOPIA",male,35-44,3315,5099,,307.47813242,3996,2026-09-01,2026-09-29
"2104 | MOD | zootopia  | Video Content","VDO - ใครเป็นแฟน DISNEY ZOOTOPIA",female,55-64,5717,6302,,306.55347001,4871,2026-09-01,2026-09-29
"2104 | Marcom | Awareness | Gold Card 250 thb : Interest","Awareness - Gold Card 250 thb -15-21 Sep",male,65+,31354,38600,,293.61678724,18,2026-09-01,2026-09-29
"2104 | MOD | zootopia  | Video Content","VDO - ใครเป็นแฟน DISNEY ZOOTOPIA",female,45-54,6119,6786,,286.15390455,4871,2026-09-01,2026-09-29
"2104 | MOD | zootopia  | Video Content","VDO - ใครเป็นแฟน DISNEY ZOOTOPIA",female,35-44,6608,7352,,285.193925,4869,2026-09-01,2026-09-29
"2104 | Marcom | Awareness | Gold Card 250 thb : Interest","Awareness | Gold Card 250 thb",female,25-34,39729,46753,,280.34542204,24,2026-09-01,2026-09-29
"2104 | Marcom | Awareness | Gold Card 250 thb : Interest","Awareness | Gold Card 250 thb",female,65+,44400,50482,,280.00543972,54,2026-09-01,2026-09-29
"2104 | MOD | zootopia  | Video Content","VDO - ใครเป็นแฟน DISNEY ZOOTOPIA",female,65+,5030,5492,,276.34411351,4358,2026-09-01,2026-09-29
"2104 | MOD | zootopia  | Video Content","VDO - ใครเป็นแฟน DISNEY ZOOTOPIA",male,45-54,4475,5034,,272.66854075,3852,2026-09-01,2026-09-29
"2104 | Marcom | Awareness | Gold Card 250 thb : Interest","Awareness - Gold Card 250 thb -15-21 Sep",female,65+,28641,35134,,262.39819208,31,2026-09-01,2026-09-29
"2104 | Marcom | Awareness | Gold Card 250 thb : Interest","Awareness - Gold Card 250 thb -15-21 Sep",female,35-44,32245,37149,,259.76831043,35,2026-09-01,2026-09-29
"2104 | MOD | zootopia  | Awareness","AW - ชวนมา สนุกยกเมือง สะสมครบทีม",female,55-64,25742,26888,,250.76996575,34,2026-09-01,2026-09-29
"2104 | MOD | zootopia  | Awareness","AW - ชวนมา สนุกยกเมือง สะสมครบทีม",male,55-64,24031,25414,,237.7704859,29,2026-09-01,2026-09-29
"2104 | MOD | zootopia  | Awareness","AW - ชวนมา สนุกยกเมือง สะสมครบทีม",female,55-64,22347,23748,,221.14203862,36,2026-09-01,2026-09-29
"2104 | MOD | zootopia  | Video Content","VDO - ใครเป็นแฟน DISNEY ZOOTOPIA",male,55-64,3318,3777,,207.5555788,2983,2026-09-01,2026-09-29
"2104 | Marcom | Awareness | Gold Card 250 thb : Interest","Awareness - Gold Card 250 thb -15-21 Sep",female,25-34,23587,27604,,203.70083346,25,2026-09-01,2026-09-29
"2104 | MOD | zootopia  | Awareness","AW - ชวนมา สนุกยกเมือง สะสมครบทีม",male,55-64,19135,19615,,182.19344081,16,2026-09-01,2026-09-29
"2104 | MOD | zootopia  | Video Content","VDO - ใครเป็นแฟน DISNEY ZOOTOPIA",male,55-64,2927,3210,,178.98560633,2536,2026-09-01,2026-09-29
"2104 | MOD | zootopia  | Video Content","VDO - ใครเป็นแฟน DISNEY ZOOTOPIA",male,65+,2600,2945,,159.93659314,2390,2026-09-01,2026-09-29
"2104 | MOD | zootopia  | Video Content","VDO - ใครเป็นแฟน DISNEY ZOOTOPIA",male,25-34,2072,2724,,155.419056,2035,2026-09-01,2026-09-29
"2104 | MOD | zootopia  | Awareness","AW - ชวนมา สนุกยกเมือง สะสมครบทีม",female,65+,13595,15047,,141.01435748,36,2026-09-01,2026-09-29
"2104 | MOD | zootopia  | Video Content","VDO -  สะสมครบสามารถแลกรับกระเป๋าเดินทาง Disney",male,25-34,2158,2409,,140.72,1900,2026-09-01,2026-09-29
"2104 | MOD | zootopia  | Awareness","AW - ชวนมา สนุกยกเมือง สะสมครบทีม",male,45-54,8636,10292,,139.24693649,16,2026-09-01,2026-09-29
"2104 | MOD | zootopia  | Awareness","AW - ชวนมา สนุกยกเมือง สะสมครบทีม",male,65+,13630,14490,,136.00455794,25,2026-09-01,2026-09-29
"2104 | MOD | zootopia  | Video Content","VDO - ใครเป็นแฟน DISNEY ZOOTOPIA",male,65+,2141,2434,,132.94416419,1965,2026-09-01,2026-09-29
"2104 | MOD | zootopia  | Awareness","AW - ชวนมา สนุกยกเมือง สะสมครบทีม",female,65+,12317,13606,,130.50530165,16,2026-09-01,2026-09-29
"2104 | MOD | zootopia  | Video Content","VDO -  สะสมครบสามารถแลกรับกระเป๋าเดินทาง Disney",male,35-44,1787,2079,,119.96,1638,2026-09-01,2026-09-29
"2104 | MOD | zootopia  | Awareness","AW - ชวนมา สนุกยกเมือง สะสมครบทีม",male,65+,11185,11185,,105.09621641,6,2026-09-01,2026-09-29
"2104 | MOD | zootopia  | Video Content","VDO - ใครเป็นแฟน DISNEY ZOOTOPIA",male,45-54,1103,1649,,97.79940598,1271,2026-09-01,2026-09-29
"2104 | MOD | zootopia  | Video Content","VDO -  สะสมครบสามารถแลกรับกระเป๋าเดินทาง Disney",male,45-54,1414,1570,,87.87,1222,2026-09-01,2026-09-29
"2104 | MOD | zootopia  | Video Content","VDO -  สะสมครบสามารถแลกรับกระเป๋าเดินทาง Disney",female,25-34,1155,1289,,76.02,1051,2026-09-01,2026-09-29
"2104 | MOD | zootopia  | Video Content","VDO -  สะสมครบสามารถแลกรับกระเป๋าเดินทาง Disney",male,55-64,1216,1342,,71.57,980,2026-09-01,2026-09-29
"2104 | MOD | zootopia  | Video Content","VDO -  สะสมครบสามารถแลกรับกระเป๋าเดินทาง Disney",female,35-44,801,1106,,66.34,828,2026-09-01,2026-09-29
"2104 | MOD | zootopia  | Video Content","VDO -  สะสมครบสามารถแลกรับกระเป๋าเดินทาง Disney",female,55-64,1096,1177,,64.33,895,2026-09-01,2026-09-29
"2104 | MOD | zootopia  | Video Content","VDO -  สะสมครบสามารถแลกรับกระเป๋าเดินทาง Disney",female,45-54,843,963,,51.56,759,2026-09-01,2026-09-29
"2104 | MOD | zootopia  | Video Content","VDO -  สะสมครบสามารถแลกรับกระเป๋าเดินทาง Disney",female,35-44,832,905,,50.58,751,2026-09-01,2026-09-29
"2104 | MOD | zootopia  | Video Content","VDO - ใครเป็นแฟน DISNEY ZOOTOPIA",female,55-64,671,860,,45.04972637,670,2026-09-01,2026-09-29
"2104 | MOD | zootopia  | Video Content","VDO -  สะสมครบสามารถแลกรับกระเป๋าเดินทาง Disney",male,65+,707,770,,40.77,566,2026-09-01,2026-09-29
"2104 | MOD | zootopia  | Video Content","VDO -  สะสมครบสามารถแลกรับกระเป๋าเดินทาง Disney",female,65+,650,719,,38.77,574,2026-09-01,2026-09-29
"2104 | MOD | zootopia  | Awareness","AW - ชวนมา สนุกยกเมือง สะสมครบทีม",female,55-64,2212,2709,,30.28933362,7,2026-09-01,2026-09-29
"2104 | MOD | zootopia  | Video Content","VDO -  สะสมครบสามารถแลกรับกระเป๋าเดินทาง Disney",female,45-54,377,532,,29.27,396,2026-09-01,2026-09-29
"2104 | MOD | zootopia  | Video Content","VDO -  สะสมครบสามารถแลกรับกระเป๋าเดินทาง Disney",male,25-34,630,681,,27.83,504,2026-09-01,2026-09-29
"2104 | MOD | zootopia  | Video Content","VDO -  สะสมครบสามารถแลกรับกระเป๋าเดินทาง Disney",female,35-44,385,491,,27.66,358,2026-09-01,2026-09-29
"2104 | MOD | zootopia  | Video Content","VDO -  สะสมครบสามารถแลกรับกระเป๋าเดินทาง Disney",female,25-34,588,660,,25.32,470,2026-09-01,2026-09-29
"2104 | MOD | zootopia  | Video Content","VDO -  สะสมครบสามารถแลกรับกระเป๋าเดินทาง Disney",male,35-44,495,525,,21.65,363,2026-09-01,2026-09-29
"2104 | MOD | zootopia  | Video Content","VDO -  สะสมครบสามารถแลกรับกระเป๋าเดินทาง Disney",female,45-54,178,245,,14.13,176,2026-09-01,2026-09-29
"2104 | MOD | zootopia  | Video Content","VDO -  สะสมครบสามารถแลกรับกระเป๋าเดินทาง Disney",female,55-64,214,293,,13.71,210,2026-09-01,2026-09-29
"2104 | MOD | zootopia  | Video Content","VDO -  สะสมครบสามารถแลกรับกระเป๋าเดินทาง Disney",female,25-34,214,267,,13.43,182,2026-09-01,2026-09-29
"2104 | MOD | zootopia  | Video Content","VDO -  สะสมครบสามารถแลกรับกระเป๋าเดินทาง Disney",male,45-54,315,323,,12.36,226,2026-09-01,2026-09-29
"2104 | MOD | zootopia  | Video Content","VDO - ใครเป็นแฟน DISNEY ZOOTOPIA",female,65+,189,229,,11.83992809,176,2026-09-01,2026-09-29
"2104 | MOD | zootopia  | Awareness","AW - ชวนมา สนุกยกเมือง สะสมครบทีม",female,65+,692,832,,9.48979122,3,2026-09-01,2026-09-29
"2104 | Marcom | Awareness | Gold Card 250 thb : Lookalike & Retarget","Awareness | Gold Card 250 thb retarget",unknown,35-44,592,728,,8.96964121,1,2026-09-01,2026-09-29
"2104 | MOD | zootopia  | Awareness","AW - ชวนมา สนุกยกเมือง สะสมครบทีม",male,55-64,615,671,,7.90982598,1,2026-09-01,2026-09-29
"2104 | MOD | zootopia  | Awareness","AW - ชวนมา สนุกยกเมือง สะสมครบทีม",unknown,35-44,478,604,,7.05984468,2,2026-09-01,2026-09-29
"2104 | Marcom | Awareness | Gold Card 250 thb : Lookalike & Retarget","Awareness - Gold Card 250 thb retarget - 15-21 sep",unknown,25-34,667,796,,6.66976656,,2026-09-01,2026-09-29
"2104 | MOD | zootopia  | Video Content","VDO -  สะสมครบสามารถแลกรับกระเป๋าเดินทาง Disney",female,65+,123,145,,6.49,103,2026-09-01,2026-09-29
"2104 | MOD | zootopia  | Video Content","VDO - ใครเป็นแฟน DISNEY ZOOTOPIA",unknown,35-44,84,114,,6.37996125,90,2026-09-01,2026-09-29
"2104 | MOD | zootopia  | Awareness","AW - ชวนมา สนุกยกเมือง สะสมครบทีม",unknown,25-34,620,678,,6.32974672,1,2026-09-01,2026-09-29
"2104 | MOD | zootopia  | Video Content","VDO - ใครเป็นแฟน DISNEY ZOOTOPIA",unknown,25-34,111,133,,6.19986793,90,2026-09-01,2026-09-29
"2104 | MOD | zootopia  | Awareness","AW - ชวนมา สนุกยกเมือง สะสมครบทีม",unknown,25-34,550,620,,5.67979552,1,2026-09-01,2026-09-29
"2104 | Marcom | Awareness | Gold Card 250 thb : Lookalike & Retarget","Awareness | Gold Card 250 thb retarget",unknown,25-34,560,689,,5.10979561,,2026-09-01,2026-09-29
"2104 | Marcom | Awareness | Gold Card 250 thb : Lookalike & Retarget","Awareness - Gold Card 250 thb retarget - 15-21 sep",unknown,35-44,449,554,,5.07982221,,2026-09-01,2026-09-29
"2104 | MOD | zootopia  | Video Content","VDO - ใครเป็นแฟน DISNEY ZOOTOPIA",male,55-64,75,91,,4.89997024,67,2026-09-01,2026-09-29
"2104 | MOD | zootopia  | Awareness","AW - ชวนมา สนุกยกเมือง สะสมครบทีม",unknown,25-34,333,405,,4.88989242,,2026-09-01,2026-09-29
"2104 | MOD | zootopia  | Video Content","VDO -  สะสมครบสามารถแลกรับกระเป๋าเดินทาง Disney",male,55-64,118,125,,4.75,80,2026-09-01,2026-09-29
"2104 | Marcom | Awareness | Gold Card 250 thb : Lookalike & Retarget","Awareness | Gold Card 250 thb retarget",unknown,45-54,455,589,,4.69981201,,2026-09-01,2026-09-29
"2104 | Marcom | Awareness | Gold Card 250 thb : Interest","Awareness | Gold Card 250 thb",unknown,25-34,564,672,,4.33977433,1,2026-09-01,2026-09-29
"2104 | MOD | zootopia  | Video Content","VDO - ใครเป็นแฟน DISNEY ZOOTOPIA",unknown,35-44,57,72,,4.06012717,63,2026-09-01,2026-09-29
"2104 | MOD | zootopia  | Video Content","VDO - ใครเป็นแฟน DISNEY ZOOTOPIA",unknown,25-34,81,95,,4.0001253,62,2026-09-01,2026-09-29
"2104 | MOD | zootopia  | Awareness","AW - ชวนมา สนุกยกเมือง สะสมครบทีม",unknown,35-44,368,412,,3.92985852,2,2026-09-01,2026-09-29
"2104 | Marcom | Awareness | Gold Card 250 thb : Lookalike & Retarget","Awareness - Gold Card 250 thb retarget - 15-21 sep",unknown,45-54,344,434,,3.70987015,1,2026-09-01,2026-09-29
"2104 | MOD | zootopia  | Awareness","AW - ชวนมา สนุกยกเมือง สะสมครบทีม",unknown,35-44,383,416,,3.70985155,1,2026-09-01,2026-09-29
"2104 | MOD | zootopia  | Video Content","VDO - ใครเป็นแฟน DISNEY ZOOTOPIA",unknown,35-44,60,71,,3.51992502,49,2026-09-01,2026-09-29
"2104 | Marcom | Awareness | Gold Card 250 thb : Interest","Awareness | Gold Card 250 thb",unknown,35-44,415,484,,3.28982893,1,2026-09-01,2026-09-29
"2104 | MOD | zootopia  | Video Content","VDO - ใครเป็นแฟน DISNEY ZOOTOPIA",unknown,25-34,41,61,,3.06998135,47,2026-09-01,2026-09-29
"2104 | MOD | zootopia  | Awareness","AW - ชวนมา สนุกยกเมือง สะสมครบทีม",male,65+,215,240,,2.999934,3,2026-09-01,2026-09-29
"2104 | Marcom | Awareness | Gold Card 250 thb : Interest","Awareness | Gold Card 250 thb",unknown,45-54,356,424,,2.85985129,1,2026-09-01,2026-09-29
"2104 | MOD | zootopia  | Video Content","VDO -  สะสมครบสามารถแลกรับกระเป๋าเดินทาง Disney",male,65+,59,64,,2.79,43,2026-09-01,2026-09-29
"2104 | Marcom | Awareness | Gold Card 250 thb : Lookalike & Retarget","Awareness | Gold Card 250 thb retarget",unknown,55-64,250,333,,2.5398984,,2026-09-01,2026-09-29
"2104 | MOD | zootopia  | Awareness","AW - ชวนมา สนุกยกเมือง สะสมครบทีม",unknown,45-54,159,210,,2.50994478,1,2026-09-01,2026-09-29
"2104 | Marcom | Awareness | Gold Card 250 thb : Interest","Awareness - Gold Card 250 thb -15-21 Sep",unknown,25-34,237,287,,2.2598983,1,2026-09-01,2026-09-29
"2104 | MOD | zootopia  | Video Content","VDO - ใครเป็นแฟน DISNEY ZOOTOPIA",unknown,45-54,32,46,,2.23998639,32,2026-09-01,2026-09-29
"2104 | Marcom | Awareness | Gold Card 250 thb : Lookalike & Retarget","Awareness - Gold Card 250 thb retarget - 15-21 sep",unknown,55-64,220,275,,2.2399216,,2026-09-01,2026-09-29
"2104 | MOD | zootopia  | Awareness","AW - ชวนมา สนุกยกเมือง สะสมครบทีม",unknown,45-54,196,216,,2.10991557,,2026-09-01,2026-09-29
"2104 | MOD | zootopia  | Video Content","VDO - ใครเป็นแฟน DISNEY ZOOTOPIA",unknown,45-54,40,46,,2.05006421,28,2026-09-01,2026-09-29
"2104 | Marcom | Awareness | Gold Card 250 thb : Interest","Awareness - Gold Card 250 thb -15-21 Sep",unknown,45-54,213,263,,1.90991405,,2026-09-01,2026-09-29
"2104 | Marcom | Awareness | Gold Card 250 thb : Interest","Awareness - Gold Card 250 thb -15-21 Sep",unknown,35-44,214,254,,1.8999145,,2026-09-01,2026-09-29
"2104 | MOD | zootopia  | Video Content","VDO - ใครเป็นแฟน DISNEY ZOOTOPIA",male,65+,29,36,,1.8599887,29,2026-09-01,2026-09-29
"2104 | MOD | zootopia  | Video Content","VDO - ใครเป็นแฟน DISNEY ZOOTOPIA",unknown,45-54,31,38,,1.79996166,29,2026-09-01,2026-09-29
"2104 | MOD | zootopia  | Video Content","VDO -  สะสมครบสามารถแลกรับกระเป๋าเดินทาง Disney",male,35-44,32,37,,1.72,28,2026-09-01,2026-09-29
"2104 | Marcom | Awareness | Gold Card 250 thb : Lookalike & Retarget","Awareness | Gold Card 250 thb retarget",unknown,65+,162,210,,1.7099316,,2026-09-01,2026-09-29
"2104 | Marcom | Awareness | Gold Card 250 thb : Interest","Awareness | Gold Card 250 thb",unknown,55-64,223,275,,1.63991472,,2026-09-01,2026-09-29
"2104 | Marcom | Awareness | Gold Card 250 thb : Interest","Awareness - Gold Card 250 thb -15-21 Sep",unknown,55-64,151,191,,1.56992935,,2026-09-01,2026-09-29
"2104 | MOD | zootopia  | Video Content","VDO -  สะสมครบสามารถแลกรับกระเป๋าเดินทาง Disney",male,45-54,23,25,,1.55,20,2026-09-01,2026-09-29
"2104 | MOD | zootopia  | Awareness","AW - ชวนมา สนุกยกเมือง สะสมครบทีม",unknown,45-54,156,172,,1.50994564,,2026-09-01,2026-09-29
"2104 | Marcom | Awareness | Gold Card 250 thb : Lookalike & Retarget","Awareness - Gold Card 250 thb retarget - 15-21 sep",unknown,65+,132,173,,1.399951,,2026-09-01,2026-09-29
"2104 | Marcom | Awareness | Gold Card 250 thb : Interest","Awareness | Gold Card 250 thb",unknown,65+,178,220,,1.20993708,,2026-09-01,2026-09-29
"2104 | MOD | zootopia  | Video Content","VDO - ใครเป็นแฟน DISNEY ZOOTOPIA",unknown,55-64,16,17,,0.93002913,14,2026-09-01,2026-09-29
"2104 | Marcom | Awareness | Gold Card 250 thb : Interest","Awareness - Gold Card 250 thb -15-21 Sep",unknown,65+,85,108,,0.92995815,,2026-09-01,2026-09-29
"2104 | MOD | zootopia  | Video Content","VDO - ใครเป็นแฟน DISNEY ZOOTOPIA",unknown,55-64,6,11,,0.80999508,11,2026-09-01,2026-09-29
"2104 | MOD | zootopia  | Awareness","AW - ชวนมา สนุกยกเมือง สะสมครบทีม",unknown,55-64,78,88,,0.68997239,,2026-09-01,2026-09-29
"2104 | MOD | zootopia  | Video Content","VDO - ใครเป็นแฟน DISNEY ZOOTOPIA",unknown,65+,10,10,,0.63998637,8,2026-09-01,2026-09-29
"2104 | MOD | zootopia  | Awareness","AW - ชวนมา สนุกยกเมือง สะสมครบทีม",unknown,55-64,69,73,,0.63997696,,2026-09-01,2026-09-29
"2104 | MOD | zootopia  | Video Content","VDO -  สะสมครบสามารถแลกรับกระเป๋าเดินทาง Disney",female,55-64,20,24,,0.63,10,2026-09-01,2026-09-29
"2104 | MOD | zootopia  | Video Content","VDO -  สะสมครบสามารถแลกรับกระเป๋าเดินทาง Disney",unknown,25-34,11,11,,0.63,9,2026-09-01,2026-09-29
"2104 | MOD | zootopia  | Video Content","VDO -  สะสมครบสามารถแลกรับกระเป๋าเดินทาง Disney",unknown,35-44,8,10,,0.62,9,2026-09-01,2026-09-29
"2104 | MOD | zootopia  | Video Content","VDO -  สะสมครบสามารถแลกรับกระเป๋าเดินทาง Disney",unknown,45-54,9,10,,0.57,7,2026-09-01,2026-09-29
"2104 | MOD | zootopia  | Video Content","VDO - ใครเป็นแฟน DISNEY ZOOTOPIA",unknown,55-64,11,11,,0.56998786,8,2026-09-01,2026-09-29
"2104 | MOD | zootopia  | Awareness","AW - ชวนมา สนุกยกเมือง สะสมครบทีม",unknown,65+,53,58,,0.50997959,,2026-09-01,2026-09-29
"2104 | MOD | zootopia  | Video Content","VDO -  สะสมครบสามารถแลกรับกระเป๋าเดินทาง Disney",female,65+,7,7,,0.45,5,2026-09-01,2026-09-29
"2104 | MOD | zootopia  | Awareness","AW - ชวนมา สนุกยกเมือง สะสมครบทีม",unknown,65+,42,44,,0.43998416,,2026-09-01,2026-09-29
"2104 | MOD | zootopia  | Video Content","VDO -  สะสมครบสามารถแลกรับกระเป๋าเดินทาง Disney",male,25-34,8,9,,0.37,4,2026-09-01,2026-09-29
"2104 | MOD | zootopia  | Video Content","VDO - ใครเป็นแฟน DISNEY ZOOTOPIA",unknown,65+,6,7,,0.32001002,3,2026-09-01,2026-09-29
"2104 | MOD | zootopia  | Video Content","VDO -  สะสมครบสามารถแลกรับกระเป๋าเดินทาง Disney",male,55-64,5,5,,0.27,3,2026-09-01,2026-09-29
"2104 | MOD | zootopia  | Video Content","VDO - ใครเป็นแฟน DISNEY ZOOTOPIA",unknown,65+,3,3,,0.23999854,3,2026-09-01,2026-09-29
"2104 | MOD | zootopia  | Awareness","AW - ชวนมา สนุกยกเมือง สะสมครบทีม",unknown,55-64,11,16,,0.1999956,,2026-09-01,2026-09-29
"2104 | MOD | zootopia  | Video Content","VDO -  สะสมครบสามารถแลกรับกระเป๋าเดินทาง Disney",unknown,65+,3,3,,0.18,3,2026-09-01,2026-09-29
"2104 | MOD | zootopia  | Video Content","VDO -  สะสมครบสามารถแลกรับกระเป๋าเดินทาง Disney",unknown,35-44,4,4,,0.15,2,2026-09-01,2026-09-29
"2104 | MOD | zootopia  | Video Content","VDO -  สะสมครบสามารถแลกรับกระเป๋าเดินทาง Disney",unknown,55-64,2,2,,0.13,2,2026-09-01,2026-09-29
"2104 | MOD | zootopia  | Video Content","VDO -  สะสมครบสามารถแลกรับกระเป๋าเดินทาง Disney",unknown,45-54,3,3,,0.1,1,2026-09-01,2026-09-29
"2104 | MOD | zootopia  | Video Content","VDO -  สะสมครบสามารถแลกรับกระเป๋าเดินทาง Disney",unknown,25-34,4,4,,0.09,3,2026-09-01,2026-09-29
"2104 | MOD | zootopia  | Video Content","VDO -  สะสมครบสามารถแลกรับกระเป๋าเดินทาง Disney",unknown,45-54,2,2,,0.07,1,2026-09-01,2026-09-29
"2104 | MOD | zootopia  | Awareness","AW - ชวนมา สนุกยกเมือง สะสมครบทีม",unknown,65+,7,7,,0.06999846,,2026-09-01,2026-09-29
"2104 | MOD | zootopia  | Video Content","VDO -  สะสมครบสามารถแลกรับกระเป๋าเดินทาง Disney",unknown,65+,1,1,,0.03,,2026-09-01,2026-09-29
"2104 | MOD | zootopia  | Video Content","VDO -  สะสมครบสามารถแลกรับกระเป๋าเดินทาง Disney",male,65+,1,1,,0.02,,2026-09-01,2026-09-29
